Statistic,Value
Mean,88.56233888888889
Sum,239118315
Standard Deviation,37.63205917255441
